{
    "$schema": "http://json-schema.org/draft-06/schema#",
    "$id": "http://sap.com/vflow/create_users.configSchema.json",
    "type": "object",
    "properties": {
        "codelanguage": {
            "type": "string"
        },
        "script": {
            "type": "string"
        },
        "num_users": {
            "title": "Number of Users",
            "description": "Number of users",
            "type": "integer"
        },
        "root_name": {
            "title": "Root name",
            "description": "Root name for numbering",
            "type": "string"
        },
        "pwd_length": {
            "title": "Password Length",
            "description": "Password Length",
            "type": "integer"
        }
    }
}