{
    "$schema": "http://json-schema.org/draft-06/schema#",
    "$id": "http://sap.com/vflow/distribute_users.configSchema.json",
    "type": "object",
    "properties": {
        "codelanguage": {
            "type": "string"
        },
        "script": {
            "type": "string"
        },
        "url": {
            "title": "url",
            "description": "URL of the system",
            "type": "string"
        },
        "tenant": {
            "title": "Tenant",
            "description": "Tenant of DI system",
            "type": "string"
        },
        "ws_title": {
            "title": "Workshop Title",
            "description": "Workshop title",
            "type": "string"
        },
        "max_users": {
            "title": "Maximum Users",
            "description": "Maximum users",
            "type": "integer"
        },
        "user_offset": {
            "title": "User ID offset",
            "description": "User ID offset",
            "type": "integer"
        }
    }
}