{
    "description": "Distribute Users",
    "component": "com.sap.system.python3Operator",
    "inports": [
        {
            "name": "users",
            "type": "message.file",
            "description": "User csv with header"
        },
        {
            "name": "request",
            "type": "message",
            "description": "Request"
        }
    ],
    "outports": [
        {
            "name": "log",
            "type": "string",
            "description": "logging"
        },
        {
            "name": "newuser",
            "type": "message.file",
            "description": "new user"
        },
        {
            "name": "response",
            "type": "message",
            "description": "response"
        }
    ],
    "config": {
        "$type": "http://sap.com/vflow/distribute_users.configSchema.json",
        "script": "file://distribute_users.py",
        "url": "di.url.com/index",
        "tenant": "default",
        "ws_title": "",
        "max_users": 10,
        "user_offset": 0
    },
    "tags": {
        "": ""
    },
    "iconsrc": "distribute_users.svg"
}